country code,1980,1981,1982,1983,1984,1985,1986,1987,1988,1989,1990,1991,1992,1993,1994,1995,1996,1997,1998,1999,2000,2001,2002,2003,2004,2005,2006,2007,2008,2009,2010,2011,2012,2013,2014,2015,2016,2017
ABW,0.0,0.0,0.0,0.0,0.0,0.0,0.0,0.0,0.0,0.0,0.0,0.0,0.0,0.0,0.0,0.0,8.0,1.0,1.0,1.0,5.0,2.0,3.0,3.0,7.0,5.0,3.0,1.0,3.0,2.0,4.0,2.0,3.0,7.0,0.0,2.0,5.0,0.0
AFG,0.0,0.0,1.0,2.0,3.0,0.0,1.0,2.0,1.0,7.0,12.0,4.0,4.0,2.0,6.0,2.0,5.0,3.0,10.0,19.0,8.0,10.0,18.0,21.0,33.0,15.0,26.0,28.0,73.0,37.0,29.0,17.0,22.0,49.0,54.0,84.0,79.0,100.0
AGO,0.0,0.0,0.0,0.0,0.0,0.0,0.0,0.0,0.0,0.0,0.0,0.0,0.0,0.0,0.0,0.0,0.0,0.0,0.0,0.0,0.0,0.0,0.0,0.0,0.0,0.0,0.0,0.0,0.0,0.0,0.0,0.0,3.0,0.0,2.0,0.0,0.0,0.0
ALB,6.0,0.0,0.0,0.0,0.0,0.0,1.0,3.0,13.0,0.0,4.0,0.0,0.0,1.0,1.0,0.0,0.0,0.0,0.0,1.0,1.0,1.0,0.0,0.0,2.0,0.0,0.0,0.0,0.0,0.0,0.0,0.0,0.0,4.0,0.0,0.0,1.0,1.0
AND,1.0,2.0,2.0,1.0,2.0,1.0,3.0,4.0,1.0,3.0,1.0,3.0,5.0,6.0,0.0,1.0,1.0,3.0,4.0,8.0,2.0,4.0,6.0,4.0,11.0,4.0,4.0,9.0,7.0,15.0,14.0,3.0,15.0,6.0,18.0,6.0,12.0,5.0
ARE,1.0,2.0,2.0,2.0,1.0,1.0,0.0,2.0,1.0,3.0,0.0,3.0,0.0,2.0,2.0,4.0,3.0,2.0,5.0,2.0,3.0,10.0,11.0,6.0,10.0,2.0,31.0,38.0,20.0,23.0,29.0,37.0,54.0,65.0,81.0,87.0,139.0,180.0
ARG,1297.0,863.0,819.0,588.0,565.0,187.0,66.0,39.0,47.0,48.0,284.0,125.0,163.0,701.0,528.0,113.0,54.0,79.0,86.0,79.0,82.0,70.0,77.0,88.0,87.0,61.0,58.0,65.0,68.0,83.0,96.0,98.0,119.0,176.0,116.0,129.0,134.0,137.0
ARM,0.0,0.0,0.0,0.0,1.0,0.0,0.0,0.0,0.0,0.0,1.0,0.0,0.0,8.0,51.0,88.0,28.0,30.0,19.0,13.0,14.0,9.0,19.0,30.0,34.0,21.0,29.0,51.0,48.0,3.0,10.0,35.0,12.0,19.0,19.0,32.0,41.0,22.0
ATG,0.0,0.0,0.0,0.0,0.0,0.0,0.0,0.0,0.0,0.0,0.0,1.0,0.0,0.0,3.0,2.0,4.0,0.0,0.0,1.0,0.0,2.0,0.0,0.0,5.0,1.0,1.0,3.0,1.0,2.0,0.0,0.0,4.0,4.0,2.0,3.0,4.0,1.0
AUS,1646.0,1670.0,1843.0,1815.0,1997.0,2185.0,2238.0,2351.0,2342.0,2493.0,2464.0,2291.0,2464.0,2517.0,2544.0,2417.0,2387.0,2378.0,2899.0,2690.0,2649.0,2788.0,2858.0,3216.0,3342.0,3475.0,4054.0,3688.0,3831.0,3888.0,4872.0,5244.0,4676.0,4798.0,4878.0,4886.0,5089.0,4774.0
AUT,2918.0,2658.0,2914.0,3004.0,2987.0,3228.0,3225.0,3217.0,3180.0,2939.0,3190.0,2871.0,2663.0,3085.0,3429.0,3600.0,3196.0,3226.0,3208.0,3030.0,2594.0,3210.0,3419.0,3754.0,3331.0,3176.0,4181.0,3541.0,3964.0,3946.0,4525.0,4656.0,5297.0,5535.0,5853.0,6676.0,7916.0,8041.0
AZE,0.0,0.0,0.0,0.0,1.0,0.0,0.0,0.0,0.0,0.0,0.0,0.0,0.0,26.0,79.0,311.0,214.0,248.0,38.0,28.0,22.0,37.0,38.0,37.0,66.0,51.0,134.0,75.0,130.0,81.0,36.0,87.0,87.0,125.0,152.0,106.0,382.0,290.0
BDI,0.0,0.0,0.0,1.0,0.0,1.0,0.0,12.0,0.0,0.0,0.0,0.0,2.0,0.0,0.0,0.0,0.0,0.0,0.0,0.0,0.0,0.0,2.0,1.0,0.0,0.0,19.0,0.0,2.0,0.0,0.0,0.0,0.0,1.0,0.0,0.0,0.0,0.0
BEL,2677.0,2491.0,2767.0,2719.0,2633.0,2897.0,2690.0,2047.0,1662.0,1616.0,1475.0,1525.0,1655.0,1732.0,1720.0,1817.0,1998.0,2240.0,2321.0,2326.0,2198.0,2313.0,2798.0,2972.0,2926.0,2577.0,3325.0,2792.0,3299.0,3824.0,4212.0,4389.0,5068.0,5097.0,5272.0,5248.0,6193.0,6642.0
BEN,0.0,0.0,0.0,0.0,0.0,0.0,0.0,0.0,0.0,0.0,0.0,0.0,0.0,0.0,0.0,0.0,0.0,0.0,0.0,1.0,0.0,16.0,32.0,16.0,16.0,1.0,225.0,33.0,1.0,0.0,0.0,0.0,0.0,0.0,0.0,0.0,0.0,0.0
BFA,0.0,0.0,0.0,0.0,0.0,0.0,0.0,0.0,0.0,0.0,0.0,0.0,0.0,14.0,8.0,0.0,0.0,14.0,0.0,0.0,0.0,0.0,32.0,48.0,0.0,0.0,16.0,32.0,0.0,1.0,0.0,0.0,0.0,0.0,0.0,0.0,0.0,0.0
BGD,0.0,0.0,0.0,0.0,0.0,0.0,0.0,0.0,0.0,0.0,0.0,0.0,0.0,0.0,0.0,0.0,0.0,0.0,0.0,0.0,1.0,0.0,0.0,2.0,0.0,0.0,32.0,0.0,0.0,2.0,0.0,0.0,1.0,4.0,3.0,2.0,4.0,15.0
BGR,1451.0,1533.0,1621.0,1420.0,1592.0,1824.0,2076.0,1861.0,1829.0,1688.0,1318.0,949.0,1013.0,898.0,59.0,226.0,271.0,220.0,184.0,205.0,216.0,155.0,180.0,147.0,98.0,157.0,116.0,178.0,150.0,185.0,222.0,146.0,96.0,156.0,140.0,106.0,143.0,159.0
BHR,1.0,0.0,0.0,0.0,2.0,1.0,0.0,1.0,0.0,0.0,0.0,0.0,0.0,0.0,0.0,3.0,2.0,3.0,1.0,4.0,1.0,3.0,23.0,17.0,6.0,1.0,0.0,2.0,1.0,3.0,1.0,2.0,1.0,5.0,4.0,1.0,3.0,11.0
BIH,2.0,0.0,0.0,0.0,0.0,0.0,0.0,0.0,0.0,0.0,1.0,0.0,0.0,0.0,0.0,0.0,1.0,1.0,1.0,3.0,5.0,6.0,9.0,9.0,8.0,1.0,16.0,7.0,3.0,6.0,1.0,2.0,7.0,0.0,2.0,2.0,4.0,3.0
BLR,1.0,0.0,1.0,0.0,0.0,0.0,0.0,0.0,0.0,0.0,0.0,1.0,0.0,160.0,636.0,621.0,454.0,539.0,181.0,197.0,148.0,213.0,179.0,374.0,465.0,381.0,740.0,670.0,671.0,791.0,911.0,683.0,772.0,457.0,415.0,425.0,828.0,1556.0
BLZ,0.0,0.0,0.0,0.0,0.0,0.0,0.0,0.0,0.0,0.0,0.0,1.0,0.0,0.0,0.0,2.0,0.0,3.0,3.0,1.0,1.0,1.0,10.0,4.0,9.0,5.0,2.0,9.0,8.0,11.0,3.0,15.0,14.0,8.0,10.0,8.0,14.0,18.0
BMU,20.0,25.0,40.0,40.0,47.0,32.0,59.0,36.0,37.0,26.0,28.0,12.0,20.0,12.0,8.0,12.0,25.0,22.0,45.0,33.0,59.0,65.0,96.0,97.0,156.0,181.0,285.0,265.0,340.0,271.0,128.0,214.0,302.0,424.0,732.0,819.0,741.0,630.0
BRA,130.0,106.0,135.0,133.0,141.0,114.0,139.0,141.0,103.0,156.0,172.0,176.0,131.0,209.0,200.0,204.0,178.0,189.0,223.0,241.0,333.0,344.0,346.0,414.0,391.0,328.0,464.0,301.0,450.0,729.0,764.0,951.0,914.0,1009.0,1096.0,1137.0,1239.0,1240.0
BRB,2.0,0.0,0.0,0.0,0.0,0.0,4.0,1.0,10.0,6.0,12.0,4.0,1.0,5.0,5.0,13.0,10.0,16.0,20.0,38.0,36.0,89.0,133.0,192.0,190.0,245.0,251.0,288.0,325.0,330.0,358.0,436.0,401.0,402.0,509.0,543.0,611.0,573.0
BRN,0.0,0.0,0.0,0.0,0.0,0.0,0.0,0.0,0.0,0.0,0.0,0.0,0.0,0.0,0.0,0.0,0.0,0.0,0.0,0.0,0.0,0.0,0.0,0.0,0.0,2.0,10.0,6.0,9.0,13.0,38.0,46.0,24.0,12.0,7.0,9.0,8.0,8.0
BTN,0.0,0.0,0.0,0.0,0.0,0.0,0.0,0.0,0.0,0.0,0.0,0.0,0.0,0.0,0.0,0.0,0.0,0.0,2.0,0.0,0.0,0.0,0.0,0.0,0.0,0.0,0.0,0.0,0.0,0.0,0.0,0.0,0.0,0.0,0.0,0.0,0.0,0.0
BWA,0.0,0.0,0.0,0.0,0.0,0.0,0.0,0.0,0.0,0.0,0.0,3.0,0.0,0.0,1.0,7.0,3.0,0.0,0.0,1.0,0.0,1.0,0.0,0.0,1.0,0.0,0.0,0.0,2.0,4.0,0.0,5.0,6.0,1.0,0.0,3.0,1.0,1.0
CAF,2.0,0.0,0.0,0.0,0.0,1.0,0.0,1.0,0.0,0.0,0.0,0.0,0.0,0.0,0.0,1.0,0.0,2.0,0.0,1.0,0.0,0.0,0.0,0.0,0.0,0.0,32.0,0.0,0.0,0.0,0.0,0.0,0.0,2.0,2.0,0.0,0.0,0.0
CAN,3702.0,3538.0,3742.0,3617.0,3827.0,4057.0,3779.0,3677.0,3695.0,3961.0,3869.0,3987.0,4018.0,4024.0,3961.0,3815.0,3935.0,4017.0,4985.0,5850.0,5539.0,6086.0,6268.0,6696.0,6719.0,6269.0,7124.0,6847.0,7104.0,7701.0,9672.0,10185.0,11634.0,12807.0,13461.0,12287.0,12586.0,11826.0
CHE,11393.0,10479.0,11186.0,10857.0,11089.0,13212.0,12457.0,11043.0,10863.0,10593.0,9702.0,9546.0,9074.0,9756.0,9736.0,9274.0,8776.0,8385.0,7955.0,8556.0,7747.0,9080.0,9981.0,12025.0,11374.0,10365.0,12386.0,11756.0,13516.0,14035.0,14469.0,14872.0,16142.0,17637.0,18368.0,19028.0,22851.0,22836.0
CHL,8.0,8.0,5.0,4.0,9.0,6.0,7.0,17.0,14.0,12.0,10.0,15.0,13.0,25.0,23.0,12.0,19.0,15.0,16.0,17.0,17.0,11.0,14.0,19.0,34.0,46.0,35.0,35.0,61.0,65.0,62.0,84.0,94.0,163.0,152.0,163.0,170.0,197.0
CHN,16.0,23.0,20.0,16.0,17.0,38.0,42.0,41.0,89.0,99.0,104.0,89.0,119.0,1558.0,1741.0,1782.0,1458.0,1453.0,1915.0,2465.0,5985.0,6697.0,5818.0,11563.0,18249.0,20195.0,25549.0,30793.0,44813.0,65400.0,72805.0,105336.0,143779.0,153381.0,167611.0,248632.0,311503.0,337009.0
CIV,4.0,9.0,24.0,3.0,39.0,0.0,4.0,57.0,16.0,14.0,2.0,15.0,1.0,57.0,14.0,28.0,0.0,3.0,0.0,0.0,1.0,16.0,98.0,148.0,48.0,0.0,246.0,32.0,2.0,0.0,0.0,0.0,0.0,0.0,0.0,0.0,0.0,2.0
CMR,0.0,3.0,1.0,0.0,1.0,0.0,1.0,12.0,0.0,26.0,0.0,0.0,0.0,71.0,84.0,14.0,28.0,2.0,0.0,0.0,0.0,32.0,33.0,144.0,0.0,2.0,592.0,16.0,0.0,2.0,4.0,4.0,4.0,6.0,1.0,1.0,2.0,4.0
COL,2.0,8.0,13.0,14.0,16.0,8.0,12.0,7.0,17.0,10.0,8.0,12.0,6.0,14.0,11.0,10.0,9.0,9.0,6.0,15.0,9.0,16.0,8.0,16.0,19.0,12.0,21.0,16.0,21.0,17.0,16.0,25.0,27.0,41.0,52.0,62.0,46.0,62.0
COM,0.0,0.0,0.0,0.0,0.0,0.0,0.0,0.0,0.0,0.0,0.0,0.0,0.0,0.0,0.0,0.0,0.0,2.0,0.0,2.0,1.0,2.0,0.0,2.0,0.0,2.0,2.0,0.0,0.0,0.0,0.0,0.0,0.0,0.0,0.0,1.0,0.0,0.0
CPV,0.0,0.0,0.0,0.0,0.0,0.0,0.0,0.0,0.0,0.0,0.0,0.0,0.0,0.0,0.0,0.0,0.0,0.0,0.0,2.0,0.0,0.0,1.0,11.0,6.0,2.0,0.0,1.0,0.0,0.0,0.0,0.0,0.0,0.0,0.0,0.0,0.0,0.0
CRI,3.0,7.0,4.0,2.0,1.0,0.0,0.0,0.0,3.0,0.0,6.0,2.0,2.0,2.0,4.0,3.0,1.0,5.0,1.0,13.0,10.0,8.0,14.0,5.0,2.0,13.0,26.0,10.0,6.0,7.0,12.0,14.0,12.0,13.0,14.0,12.0,17.0,13.0
CUB,7.0,11.0,6.0,9.0,12.0,16.0,9.0,20.0,9.0,11.0,7.0,9.0,4.0,15.0,19.0,12.0,13.0,23.0,20.0,24.0,13.0,33.0,27.0,49.0,74.0,90.0,93.0,83.0,74.0,95.0,76.0,74.0,92.0,110.0,105.0,107.0,101.0,94.0
CUW,0.0,0.0,0.0,0.0,0.0,0.0,0.0,0.0,0.0,0.0,0.0,0.0,0.0,0.0,0.0,0.0,0.0,0.0,0.0,0.0,0.0,0.0,0.0,0.0,0.0,0.0,0.0,0.0,0.0,0.0,0.0,0.0,0.0,0.0,5.0,9.0,20.0,27.0
CYP,4.0,1.0,2.0,2.0,3.0,3.0,2.0,3.0,5.0,5.0,9.0,5.0,15.0,25.0,15.0,20.0,22.0,27.0,22.0,42.0,40.0,46.0,49.0,72.0,93.0,58.0,158.0,118.0,116.0,187.0,131.0,145.0,136.0,145.0,143.0,218.0,312.0,255.0
CZE,594.0,615.0,640.0,532.0,425.0,83.0,76.0,68.0,55.0,48.0,48.0,36.0,24.0,422.0,500.0,725.0,550.0,455.0,449.0,362.0,368.0,388.0,357.0,400.0,443.0,564.0,517.0,545.0,544.0,725.0,576.0,718.0,905.0,900.0,956.0,1039.0,1207.0,1294.0
DEU,48071.0,47817.0,52416.0,52291.0,54511.0,67719.0,60073.0,56734.0,51799.0,54002.0,50852.0,50953.0,42727.0,45135.0,45719.0,45107.0,42403.0,42599.0,44816.0,45255.0,40624.0,48494.0,56583.0,63242.0,65928.0,63209.0,69859.0,63269.0,65763.0,62720.0,68782.0,69745.0,75372.0,78924.0,80514.0,82367.0,96923.0,94383.0
DJI,0.0,0.0,0.0,0.0,0.0,0.0,0.0,0.0,0.0,0.0,0.0,0.0,0.0,0.0,0.0,0.0,0.0,0.0,0.0,0.0,0.0,0.0,0.0,0.0,0.0,0.0,0.0,0.0,0.0,0.0,0.0,0.0,0.0,0.0,0.0,0.0,1.0,2.0
DMA,0.0,0.0,0.0,0.0,0.0,0.0,0.0,0.0,0.0,0.0,0.0,0.0,0.0,0.0,0.0,0.0,0.0,0.0,0.0,0.0,0.0,0.0,0.0,1.0,1.0,0.0,0.0,1.0,1.0,0.0,1.0,0.0,2.0,0.0,1.0,0.0,2.0,0.0
DNK,1253.0,1143.0,1259.0,1183.0,1278.0,1433.0,1343.0,1326.0,1197.0,1266.0,1287.0,1285.0,1535.0,1723.0,1714.0,1644.0,1568.0,1945.0,1864.0,2022.0,1886.0,2190.0,2585.0,2895.0,2720.0,2661.0,2865.0,2673.0,2907.0,3257.0,3639.0,3797.0,4071.0,4426.0,4478.0,4928.0,5987.0,5893.0
DOM,0.0,3.0,0.0,0.0,0.0,2.0,4.0,2.0,0.0,2.0,1.0,3.0,2.0,6.0,4.0,6.0,0.0,0.0,3.0,1.0,0.0,0.0,2.0,0.0,0.0,0.0,1.0,2.0,0.0,3.0,3.0,5.0,2.0,8.0,3.0,2.0,4.0,2.0
DZA,0.0,0.0,0.0,0.0,0.0,1.0,1.0,0.0,1.0,2.0,3.0,2.0,4.0,1.0,3.0,5.0,1.0,3.0,0.0,0.0,2.0,3.0,1.0,1.0,1.0,2.0,3.0,0.0,0.0,0.0,3.0,2.0,0.0,1.0,1.0,4.0,5.0,8.0
ECU,1.0,1.0,0.0,0.0,0.0,2.0,1.0,1.0,0.0,1.0,1.0,2.0,0.0,1.0,2.0,2.0,1.0,0.0,3.0,1.0,8.0,2.0,3.0,0.0,4.0,4.0,2.0,5.0,2.0,5.0,18.0,4.0,5.0,8.0,9.0,4.0,12.0,10.0
ERI,0.0,0.0,0.0,0.0,0.0,0.0,0.0,0.0,0.0,0.0,0.0,0.0,0.0,0.0,0.0,0.0,0.0,0.0,0.0,0.0,0.0,0.0,0.0,0.0,0.0,0.0,0.0,0.0,0.0,0.0,0.0,0.0,0.0,0.0,0.0,1.0,0.0,0.0
ESP,2224.0,1646.0,1971.0,1869.0,1817.0,2194.0,2371.0,1841.0,1550.0,3149.0,2233.0,1725.0,2363.0,1458.0,1439.0,1463.0,1531.0,1761.0,2584.0,2719.0,2518.0,2640.0,2074.0,3105.0,3108.0,3777.0,3545.0,3875.0,3846.0,4123.0,4452.0,4687.0,4855.0,5249.0,5626.0,5108.0,5670.0,5536.0
EST,1.0,0.0,0.0,0.0,0.0,0.0,0.0,0.0,0.0,0.0,2.0,1.0,0.0,5.0,21.0,628.0,487.0,794.0,89.0,64.0,53.0,59.0,58.0,56.0,39.0,49.0,25.0,52.0,37.0,44.0,105.0,108.0,146.0,178.0,121.0,121.0,132.0,125.0
ETH,0.0,0.0,0.0,0.0,0.0,0.0,0.0,0.0,0.0,0.0,0.0,0.0,0.0,0.0,0.0,0.0,0.0,0.0,0.0,0.0,0.0,0.0,0.0,0.0,0.0,4.0,0.0,0.0,0.0,0.0,0.0,0.0,0.0,0.0,1.0,0.0,0.0,0.0
FIN,1208.0,1253.0,1371.0,1557.0,1628.0,1741.0,1809.0,2018.0,1974.0,2070.0,2199.0,2203.0,2210.0,2371.0,2303.0,2362.0,2806.0,3139.0,3494.0,3578.0,3397.0,3822.0,4619.0,5494.0,6021.0,5469.0,5662.0,5789.0,6157.0,5957.0,6168.0,5570.0,6005.0,5994.0,5939.0,6554.0,7499.0,7771.0
FJI,0.0,0.0,0.0,0.0,0.0,0.0,0.0,0.0,0.0,0.0,0.0,0.0,0.0,0.0,0.0,0.0,0.0,0.0,0.0,0.0,0.0,0.0,0.0,2.0,1.0,0.0,1.0,0.0,0.0,0.0,0.0,0.0,0.0,0.0,0.0,0.0,0.0,0.0
FRA,20226.0,18550.0,21173.0,20985.0,23095.0,27972.0,25222.0,24264.0,22332.0,21915.0,20939.0,21749.0,23948.0,22696.0,26670.0,27935.0,23723.0,25439.0,24661.0,24834.0,21636.0,24130.0,25951.0,30643.0,28616.0,25076.0,31659.0,27955.0,29384.0,29352.0,31654.0,32965.0,38230.0,38920.0,39455.0,40375.0,44977.0,44166.0
GAB,2.0,0.0,0.0,2.0,0.0,0.0,0.0,12.0,2.0,13.0,0.0,0.0,0.0,0.0,1.0,0.0,0.0,0.0,0.0,1.0,2.0,0.0,0.0,80.0,32.0,32.0,48.0,1.0,1.0,0.0,0.0,0.0,0.0,0.0,2.0,0.0,0.0,0.0
GBR,14990.0,15475.0,14913.0,16434.0,16027.0,18870.0,17482.0,15540.0,14353.0,14812.0,14059.0,14452.0,14714.0,14529.0,14550.0,14587.0,12942.0,13289.0,14517.0,14349.0,12696.0,12974.0,15548.0,16863.0,16836.0,14934.0,15923.0,13422.0,13643.0,13799.0,16633.0,17609.0,19249.0,19682.0,20417.0,19868.0,22219.0,22465.0
GEO,0.0,0.0,0.0,0.0,0.0,0.0,0.0,0.0,0.0,0.0,1.0,0.0,0.0,24.0,31.0,97.0,41.0,30.0,18.0,21.0,251.0,186.0,154.0,126.0,93.0,185.0,156.0,136.0,170.0,29.0,51.0,103.0,133.0,48.0,13.0,70.0,68.0,41.0
GHA,0.0,0.0,0.0,0.0,0.0,0.0,0.0,0.0,0.0,1.0,1.0,2.0,0.0,0.0,0.0,2.0,2.0,0.0,2.0,0.0,0.0,0.0,2.0,0.0,2.0,0.0,0.0,2.0,0.0,2.0,3.0,1.0,0.0,0.0,0.0,7.0,4.0,2.0
GIN,0.0,2.0,0.0,0.0,0.0,0.0,0.0,0.0,2.0,1.0,2.0,0.0,2.0,34.0,2.0,0.0,14.0,0.0,1.0,1.0,1.0,0.0,16.0,17.0,0.0,16.0,80.0,0.0,0.0,0.0,1.0,1.0,1.0,1.0,2.0,0.0,2.0,0.0
GNB,0.0,0.0,0.0,0.0,0.0,0.0,0.0,0.0,0.0,0.0,0.0,0.0,0.0,0.0,0.0,0.0,0.0,0.0,0.0,0.0,0.0,0.0,0.0,1.0,0.0,0.0,0.0,0.0,0.0,0.0,0.0,0.0,0.0,0.0,0.0,0.0,0.0,0.0
GNQ,0.0,0.0,0.0,0.0,0.0,0.0,0.0,0.0,0.0,0.0,0.0,0.0,0.0,0.0,1.0,1.0,0.0,0.0,0.0,0.0,0.0,0.0,0.0,0.0,0.0,0.0,16.0,0.0,0.0,0.0,0.0,0.0,0.0,0.0,0.0,0.0,0.0,0.0
GRC,1151.0,1428.0,1170.0,1393.0,1488.0,1196.0,1185.0,1399.0,192.0,24.0,83.0,67.0,189.0,316.0,180.0,146.0,256.0,249.0,208.0,251.0,239.0,334.0,425.0,411.0,473.0,392.0,427.0,431.0,551.0,584.0,617.0,558.0,504.0,463.0,491.0,463.0,484.0,474.0
GRD,2.0,0.0,0.0,0.0,0.0,0.0,2.0,0.0,0.0,0.0,0.0,0.0,0.0,1.0,0.0,0.0,1.0,0.0,0.0,2.0,0.0,0.0,0.0,0.0,0.0,0.0,0.0,1.0,0.0,0.0,2.0,2.0,2.0,0.0,1.0,0.0,0.0,0.0
GTM,0.0,1.0,4.0,0.0,2.0,2.0,0.0,1.0,0.0,0.0,3.0,0.0,0.0,1.0,2.0,0.0,1.0,1.0,3.0,1.0,3.0,0.0,0.0,0.0,2.0,0.0,16.0,0.0,3.0,0.0,1.0,1.0,2.0,0.0,2.0,4.0,0.0,2.0
GUY,0.0,0.0,0.0,0.0,0.0,0.0,0.0,0.0,0.0,0.0,0.0,0.0,0.0,0.0,0.0,0.0,0.0,0.0,0.0,0.0,0.0,0.0,0.0,0.0,0.0,0.0,0.0,0.0,0.0,0.0,0.0,0.0,0.0,0.0,0.0,2.0,0.0,0.0
HND,1.0,0.0,3.0,0.0,0.0,0.0,0.0,0.0,1.0,2.0,0.0,0.0,1.0,0.0,0.0,0.0,1.0,0.0,0.0,1.0,0.0,0.0,2.0,0.0,0.0,0.0,0.0,0.0,0.0,1.0,0.0,2.0,0.0,0.0,0.0,0.0,0.0,1.0
HRV,7.0,4.0,9.0,7.0,3.0,14.0,2.0,2.0,6.0,3.0,2.0,3.0,12.0,7.0,15.0,46.0,72.0,70.0,106.0,137.0,156.0,185.0,135.0,199.0,210.0,214.0,210.0,191.0,256.0,204.0,214.0,168.0,198.0,163.0,140.0,126.0,166.0,105.0
HTI,5.0,1.0,3.0,2.0,0.0,3.0,1.0,3.0,1.0,4.0,0.0,4.0,0.0,2.0,2.0,0.0,0.0,2.0,0.0,1.0,0.0,0.0,0.0,2.0,0.0,0.0,0.0,0.0,0.0,0.0,0.0,0.0,0.0,1.0,0.0,0.0,0.0,0.0
HUN,1996.0,2051.0,2343.0,2744.0,3137.0,4767.0,4340.0,3709.0,3137.0,3211.0,3266.0,2803.0,2207.0,1733.0,1275.0,1555.0,856.0,813.0,453.0,370.0,315.0,425.0,462.0,578.0,431.0,493.0,517.0,569.0,592.0,437.0,761.0,631.0,566.0,619.0,578.0,569.0,586.0,621.0
IDN,2.0,0.0,1.0,0.0,1.0,1.0,2.0,1.0,2.0,6.0,1.0,4.0,9.0,3.0,7.0,17.0,13.0,17.0,12.0,7.0,11.0,10.0,15.0,20.0,19.0,21.0,24.0,22.0,9.0,7.0,14.0,18.0,19.0,28.0,20.0,30.0,27.0,29.0
IND,26.0,24.0,34.0,43.0,44.0,74.0,96.0,135.0,139.0,143.0,164.0,140.0,151.0,208.0,195.0,254.0,338.0,487.0,799.0,1084.0,1304.0,1443.0,1618.0,1610.0,1607.0,1378.0,1660.0,1541.0,1466.0,1628.0,2294.0,2289.0,2821.0,3616.0,3876.0,3616.0,3409.0,2891.0
IRL,125.0,151.0,167.0,152.0,148.0,244.0,214.0,202.0,189.0,266.0,280.0,299.0,374.0,468.0,813.0,800.0,843.0,853.0,841.0,685.0,583.0,555.0,650.0,796.0,711.0,672.0,870.0,769.0,943.0,1055.0,1245.0,1314.0,1569.0,1735.0,2009.0,2169.0,2653.0,2770.0
IRQ,2.0,0.0,1.0,0.0,1.0,0.0,2.0,9.0,3.0,4.0,3.0,0.0,0.0,2.0,2.0,0.0,0.0,2.0,0.0,1.0,0.0,1.0,0.0,1.0,1.0,0.0,0.0,0.0,2.0,0.0,0.0,3.0,0.0,3.0,1.0,2.0,0.0,2.0
ISL,4.0,7.0,9.0,6.0,7.0,15.0,12.0,18.0,14.0,18.0,26.0,9.0,14.0,27.0,14.0,25.0,20.0,14.0,47.0,54.0,39.0,46.0,100.0,59.0,38.0,95.0,62.0,150.0,118.0,99.0,81.0,127.0,108.0,146.0,159.0,161.0,164.0,174.0
ISR,331.0,343.0,367.0,379.0,415.0,491.0,522.0,473.0,514.0,579.0,592.0,578.0,662.0,593.0,692.0,750.0,719.0,770.0,1067.0,1108.0,1193.0,1375.0,1650.0,2022.0,2122.0,1926.0,2533.0,2448.0,2821.0,3244.0,3382.0,3580.0,4355.0,5005.0,5263.0,5419.0,6015.0,6391.0
ITA,7286.0,6690.0,7337.0,5762.0,6103.0,17545.0,18438.0,20367.0,10390.0,13102.0,14072.0,8827.0,9346.0,10501.0,11261.0,12540.0,13469.0,15886.0,14977.0,11818.0,8309.0,10140.0,11923.0,13737.0,8474.0,7283.0,8909.0,7849.0,8718.0,8805.0,10126.0,10938.0,15298.0,17877.0,11510.0,11584.0,14063.0,13818.0
JAM,3.0,1.0,0.0,1.0,7.0,9.0,0.0,5.0,1.0,6.0,4.0,2.0,1.0,1.0,0.0,4.0,1.0,0.0,1.0,1.0,3.0,1.0,1.0,0.0,0.0,0.0,0.0,2.0,3.0,2.0,6.0,0.0,4.0,5.0,8.0,22.0,13.0,13.0
JOR,0.0,0.0,0.0,2.0,0.0,4.0,14.0,0.0,10.0,16.0,4.0,12.0,13.0,11.0,11.0,12.0,6.0,37.0,2.0,11.0,9.0,5.0,16.0,9.0,7.0,15.0,17.0,26.0,24.0,14.0,36.0,37.0,10.0,21.0,24.0,32.0,21.0,21.0
JPN,61192.0,65444.0,76551.0,76718.0,74352.0,85937.0,87884.0,89250.0,92715.0,91199.0,93014.0,111001.0,115534.0,122468.0,140790.0,155367.0,137827.0,159054.0,186264.0,200382.0,168567.0,168252.0,171425.0,188995.0,191374.0,187970.0,213487.0,235739.0,237254.0,251746.0,276719.0,308743.0,334871.0,338176.0,335917.0,273727.0,307237.0,287959.0
KAZ,0.0,0.0,2.0,1.0,0.0,0.0,0.0,0.0,0.0,0.0,0.0,0.0,0.0,32.0,304.0,285.0,163.0,137.0,79.0,44.0,65.0,55.0,130.0,84.0,186.0,142.0,161.0,224.0,128.0,266.0,177.0,114.0,170.0,139.0,197.0,204.0,550.0,452.0
KEN,1.0,0.0,1.0,0.0,0.0,0.0,3.0,1.0,2.0,1.0,0.0,2.0,7.0,8.0,1.0,2.0,3.0,2.0,0.0,3.0,6.0,10.0,0.0,2.0,4.0,9.0,5.0,2.0,3.0,7.0,6.0,4.0,3.0,8.0,10.0,13.0,12.0,4.0
KHM,0.0,0.0,0.0,0.0,0.0,0.0,0.0,0.0,0.0,0.0,2.0,0.0,0.0,0.0,0.0,0.0,0.0,0.0,0.0,0.0,0.0,0.0,0.0,0.0,0.0,0.0,0.0,0.0,0.0,0.0,0.0,0.0,0.0,0.0,0.0,0.0,0.0,0.0
KIR,0.0,0.0,0.0,0.0,0.0,0.0,0.0,0.0,0.0,0.0,0.0,0.0,0.0,0.0,0.0,0.0,0.0,0.0,21.0,42.0,21.0,15.0,25.0,18.0,0.0,0.0,0.0,0.0,0.0,0.0,0.0,0.0,0.0,0.0,0.0,0.0,0.0,0.0
KOR,514.0,534.0,541.0,445.0,410.0,528.0,662.0,785.0,864.0,2210.0,3198.0,3739.0,5058.0,6441.0,8018.0,10438.0,11344.0,12952.0,26095.0,58552.0,33062.0,22539.0,25088.0,40419.0,46153.0,71657.0,111752.0,115553.0,83702.0,64576.0,75899.0,97262.0,112038.0,124568.0,129166.0,106964.0,121868.0,132285.0
KWT,1.0,1.0,1.0,0.0,0.0,0.0,3.0,5.0,2.0,9.0,4.0,1.0,3.0,3.0,1.0,1.0,4.0,2.0,6.0,17.0,11.0,28.0,17.0,27.0,12.0,13.0,28.0,9.0,17.0,19.0,19.0,32.0,38.0,89.0,102.0,72.0,58.0,49.0
LBN,9.0,4.0,6.0,6.0,5.0,13.0,4.0,3.0,2.0,6.0,0.0,2.0,3.0,6.0,1.0,4.0,0.0,8.0,7.0,12.0,10.0,9.0,1.0,12.0,2.0,5.0,12.0,11.0,6.0,6.0,12.0,16.0,15.0,13.0,18.0,20.0,22.0,24.0
LBR,1.0,0.0,1.0,5.0,4.0,1.0,5.0,3.0,4.0,4.0,5.0,7.0,7.0,3.0,8.0,5.0,6.0,1.0,2.0,3.0,4.0,3.0,2.0,0.0,0.0,2.0,1.0,0.0,1.0,1.0,0.0,0.0,0.0,0.0,0.0,1.0,0.0,0.0
LBY,0.0,0.0,0.0,0.0,0.0,0.0,0.0,0.0,0.0,1.0,0.0,0.0,0.0,0.0,0.0,0.0,0.0,0.0,0.0,0.0,0.0,0.0,0.0,0.0,0.0,0.0,1.0,1.0,0.0,0.0,0.0,1.0,0.0,0.0,2.0,0.0,0.0,0.0
LIE,681.0,656.0,712.0,589.0,568.0,707.0,652.0,571.0,475.0,507.0,382.0,382.0,410.0,489.0,458.0,494.0,497.0,478.0,498.0,472.0,413.0,465.0,491.0,673.0,652.0,629.0,790.0,559.0,666.0,613.0,551.0,596.0,584.0,560.0,578.0,545.0,665.0,800.0
LKA,0.0,0.0,0.0,0.0,0.0,0.0,0.0,0.0,1.0,5.0,0.0,6.0,32.0,6.0,7.0,6.0,5.0,6.0,0.0,0.0,2.0,2.0,2.0,0.0,0.0,2.0,0.0,0.0,4.0,3.0,2.0,7.0,10.0,5.0,7.0,12.0,9.0,11.0
LSO,0.0,0.0,0.0,0.0,0.0,0.0,0.0,0.0,0.0,0.0,0.0,0.0,0.0,0.0,0.0,0.0,1.0,1.0,0.0,2.0,0.0,0.0,0.0,0.0,0.0,0.0,0.0,0.0,0.0,0.0,0.0,1.0,0.0,0.0,0.0,0.0,0.0,0.0
LTU,0.0,0.0,0.0,0.0,0.0,0.0,0.0,0.0,0.0,0.0,0.0,0.0,4.0,193.0,221.0,111.0,165.0,119.0,107.0,100.0,88.0,81.0,69.0,72.0,80.0,88.0,78.0,59.0,77.0,72.0,86.0,114.0,116.0,107.0,139.0,141.0,172.0,179.0
LUX,521.0,446.0,482.0,494.0,428.0,512.0,529.0,442.0,401.0,386.0,466.0,435.0,430.0,411.0,438.0,427.0,352.0,393.0,487.0,390.0,373.0,473.0,605.0,558.0,571.0,452.0,564.0,516.0,623.0,609.0,816.0,765.0,994.0,1126.0,1330.0,1535.0,1886.0,2054.0
LVA,0.0,0.0,0.0,0.0,0.0,0.0,0.0,0.0,0.0,1.0,0.0,0.0,0.0,125.0,165.0,257.0,293.0,166.0,213.0,114.0,123.0,127.0,130.0,128.0,111.0,110.0,123.0,178.0,190.0,249.0,251.0,293.0,260.0,217.0,260.0,251.0,178.0,178.0
MAR,40.0,35.0,46.0,27.0,34.0,39.0,31.0,65.0,71.0,72.0,57.0,53.0,72.0,62.0,90.0,91.0,81.0,96.0,99.0,95.0,127.0,98.0,126.0,103.0,119.0,45.0,74.0,161.0,118.0,167.0,152.0,149.0,128.0,148.0,197.0,23.0,119.0,89.0
MCO,43.0,30.0,49.0,29.0,46.0,60.0,71.0,51.0,74.0,50.0,52.0,49.0,86.0,117.0,80.0,103.0,63.0,82.0,76.0,79.0,64.0,77.0,95.0,153.0,83.0,82.0,175.0,87.0,62.0,82.0,63.0,69.0,62.0,73.0,61.0,61.0,68.0,52.0
MDG,0.0,2.0,0.0,0.0,0.0,0.0,0.0,0.0,1.0,1.0,0.0,0.0,0.0,0.0,0.0,0.0,0.0,1.0,0.0,0.0,0.0,0.0,0.0,6.0,0.0,0.0,0.0,0.0,0.0,0.0,0.0,0.0,0.0,0.0,1.0,0.0,0.0,1.0
MDV,0.0,0.0,0.0,0.0,0.0,0.0,0.0,0.0,0.0,0.0,0.0,0.0,0.0,0.0,0.0,0.0,0.0,0.0,0.0,0.0,0.0,0.0,0.0,1.0,0.0,0.0,0.0,0.0,0.0,0.0,0.0,0.0,0.0,0.0,0.0,0.0,0.0,0.0
MEX,101.0,315.0,292.0,272.0,240.0,218.0,136.0,148.0,342.0,237.0,187.0,99.0,325.0,417.0,221.0,78.0,68.0,75.0,83.0,105.0,82.0,87.0,106.0,99.0,83.0,84.0,82.0,106.0,100.0,143.0,172.0,215.0,290.0,366.0,397.0,364.0,750.0,805.0
MHL,0.0,0.0,0.0,0.0,0.0,0.0,0.0,0.0,0.0,0.0,0.0,0.0,0.0,0.0,0.0,1.0,0.0,0.0,0.0,0.0,0.0,0.0,1.0,0.0,0.0,2.0,0.0,1.0,2.0,4.0,1.0,1.0,1.0,1.0,1.0,6.0,9.0,8.0
MKD,0.0,0.0,0.0,0.0,0.0,0.0,0.0,0.0,0.0,0.0,0.0,0.0,0.0,0.0,0.0,0.0,1.0,2.0,3.0,6.0,0.0,1.0,0.0,1.0,0.0,0.0,0.0,0.0,2.0,0.0,1.0,2.0,2.0,3.0,1.0,2.0,9.0,4.0
MLI,0.0,0.0,0.0,0.0,0.0,1.0,0.0,0.0,0.0,0.0,0.0,0.0,0.0,29.0,0.0,0.0,1.0,0.0,0.0,0.0,0.0,16.0,129.0,163.0,1.0,0.0,144.0,0.0,1.0,0.0,0.0,0.0,0.0,0.0,0.0,0.0,0.0,0.0
MLT,7.0,2.0,2.0,6.0,5.0,1.0,2.0,3.0,2.0,0.0,0.0,0.0,0.0,1.0,2.0,1.0,9.0,5.0,7.0,5.0,13.0,9.0,13.0,41.0,10.0,11.0,39.0,28.0,36.0,61.0,74.0,86.0,111.0,137.0,136.0,98.0,229.0,336.0
MMR,0.0,0.0,0.0,0.0,0.0,0.0,0.0,0.0,0.0,0.0,0.0,0.0,1.0,0.0,0.0,0.0,0.0,0.0,1.0,0.0,0.0,0.0,0.0,0.0,0.0,0.0,0.0,0.0,1.0,0.0,0.0,0.0,0.0,0.0,1.0,0.0,0.0,0.0
MNE,1.0,0.0,0.0,0.0,0.0,0.0,0.0,0.0,0.0,0.0,0.0,0.0,0.0,0.0,0.0,0.0,0.0,0.0,0.0,0.0,0.0,0.0,0.0,0.0,0.0,0.0,1.0,0.0,1.0,0.0,4.0,2.0,4.0,2.0,3.0,2.0,12.0,7.0
MNG,5.0,21.0,0.0,32.0,13.0,10.0,7.0,3.0,0.0,29.0,0.0,2.0,0.0,0.0,0.0,0.0,0.0,0.0,0.0,1.0,0.0,0.0,0.0,0.0,0.0,0.0,1.0,0.0,0.0,0.0,0.0,2.0,8.0,4.0,16.0,2.0,0.0,6.0
MRT,0.0,1.0,0.0,0.0,0.0,4.0,0.0,0.0,0.0,0.0,0.0,0.0,0.0,0.0,0.0,0.0,0.0,0.0,0.0,0.0,0.0,16.0,16.0,32.0,32.0,0.0,112.0,0.0,0.0,0.0,0.0,0.0,0.0,0.0,0.0,0.0,0.0,0.0
MUS,3.0,0.0,2.0,0.0,0.0,2.0,0.0,0.0,2.0,0.0,2.0,4.0,1.0,2.0,1.0,4.0,2.0,8.0,2.0,3.0,6.0,6.0,7.0,9.0,3.0,28.0,89.0,27.0,24.0,22.0,51.0,35.0,20.0,23.0,20.0,31.0,45.0,26.0
MWI,1.0,2.0,0.0,8.0,2.0,4.0,1.0,0.0,1.0,0.0,1.0,0.0,1.0,3.0,2.0,0.0,1.0,0.0,0.0,0.0,0.0,0.0,0.0,0.0,1.0,0.0,0.0,0.0,0.0,0.0,0.0,0.0,0.0,0.0,0.0,1.0,0.0,0.0
MYS,7.0,9.0,18.0,13.0,43.0,33.0,8.0,26.0,32.0,23.0,11.0,22.0,19.0,17.0,50.0,34.0,31.0,35.0,46.0,60.0,50.0,61.0,61.0,109.0,144.0,114.0,271.0,372.0,293.0,414.0,513.0,582.0,637.0,663.0,806.0,730.0,730.0,768.0
NAM,1.0,0.0,0.0,1.0,0.0,0.0,1.0,0.0,0.0,0.0,0.0,0.0,0.0,0.0,0.0,0.0,3.0,1.0,1.0,1.0,1.0,3.0,34.0,1.0,0.0,0.0,0.0,23.0,1.0,2.0,4.0,2.0,9.0,16.0,10.0,9.0,4.0,2.0
NER,7.0,1.0,0.0,0.0,0.0,3.0,0.0,0.0,0.0,2.0,0.0,2.0,1.0,2.0,3.0,1.0,0.0,29.0,0.0,1.0,3.0,6.0,16.0,16.0,0.0,16.0,146.0,0.0,0.0,0.0,2.0,2.0,1.0,2.0,1.0,4.0,3.0,6.0
NGA,1.0,2.0,1.0,0.0,2.0,0.0,0.0,0.0,0.0,0.0,0.0,0.0,2.0,0.0,1.0,0.0,0.0,1.0,5.0,0.0,4.0,52.0,5.0,7.0,2.0,1.0,0.0,0.0,1.0,2.0,1.0,2.0,4.0,1.0,0.0,1.0,2.0,9.0
NIC,0.0,0.0,0.0,0.0,0.0,0.0,0.0,0.0,0.0,0.0,0.0,0.0,0.0,2.0,0.0,0.0,0.0,0.0,0.0,1.0,2.0,2.0,0.0,0.0,2.0,2.0,1.0,1.0,3.0,0.0,0.0,1.0,1.0,1.0,0.0,0.0,1.0,2.0
NLD,5785.0,5365.0,6422.0,6085.0,6195.0,7227.0,6390.0,5550.0,5173.0,5072.0,5099.0,5270.0,5376.0,5834.0,5954.0,5798.0,6328.0,7371.0,7765.0,8102.0,7483.0,8103.0,9884.0,11883.0,12053.0,11011.0,14629.0,12949.0,13109.0,13444.0,13235.0,13945.0,14696.0,15209.0,15443.0,15955.0,20238.0,22081.0
NOR,797.0,701.0,807.0,776.0,797.0,880.0,796.0,826.0,859.0,906.0,829.0,800.0,935.0,1101.0,932.0,968.0,1035.0,1261.0,1341.0,1343.0,1241.0,1513.0,1640.0,1727.0,1588.0,1735.0,1998.0,1569.0,1853.0,1978.0,2338.0,2203.0,2271.0,2550.0,2582.0,2804.0,3328.0,3327.0
NPL,0.0,0.0,0.0,0.0,0.0,0.0,0.0,0.0,0.0,0.0,0.0,0.0,0.0,0.0,0.0,0.0,0.0,2.0,0.0,0.0,0.0,0.0,0.0,0.0,0.0,0.0,0.0,0.0,0.0,0.0,0.0,0.0,0.0,0.0,3.0,2.0,0.0,0.0
NRU,0.0,0.0,0.0,2.0,0.0,0.0,0.0,0.0,0.0,0.0,0.0,0.0,0.0,0.0,0.0,0.0,0.0,0.0,0.0,0.0,3.0,0.0,0.0,0.0,1.0,0.0,0.0,0.0,0.0,0.0,0.0,0.0,0.0,0.0,0.0,0.0,0.0,0.0
NZL,188.0,193.0,216.0,236.0,239.0,266.0,236.0,269.0,266.0,250.0,213.0,212.0,194.0,217.0,201.0,202.0,261.0,294.0,342.0,342.0,309.0,324.0,386.0,388.0,430.0,383.0,476.0,365.0,445.0,566.0,588.0,663.0,734.0,730.0,746.0,715.0,879.0,921.0
OMN,0.0,0.0,0.0,2.0,0.0,0.0,0.0,0.0,0.0,0.0,0.0,0.0,0.0,3.0,1.0,0.0,0.0,0.0,0.0,0.0,1.0,0.0,0.0,0.0,0.0,0.0,0.0,0.0,4.0,2.0,5.0,4.0,4.0,5.0,2.0,4.0,2.0,7.0
PAK,1.0,0.0,1.0,1.0,2.0,2.0,2.0,2.0,0.0,0.0,0.0,1.0,1.0,2.0,1.0,1.0,3.0,1.0,5.0,0.0,1.0,1.0,0.0,2.0,4.0,3.0,1.0,1.0,3.0,2.0,2.0,5.0,13.0,17.0,12.0,15.0,16.0,21.0
PAN,84.0,87.0,124.0,88.0,67.0,84.0,58.0,44.0,39.0,61.0,41.0,35.0,52.0,53.0,27.0,28.0,24.0,36.0,25.0,39.0,40.0,41.0,62.0,69.0,54.0,45.0,83.0,63.0,71.0,53.0,42.0,50.0,56.0,53.0,40.0,39.0,43.0,26.0
PER,1.0,6.0,6.0,1.0,6.0,4.0,1.0,4.0,1.0,5.0,5.0,3.0,5.0,3.0,6.0,5.0,4.0,1.0,7.0,5.0,2.0,5.0,0.0,3.0,10.0,3.0,6.0,3.0,3.0,2.0,2.0,10.0,5.0,3.0,11.0,16.0,14.0,16.0
PHL,129.0,87.0,53.0,73.0,36.0,57.0,55.0,61.0,58.0,47.0,43.0,59.0,47.0,24.0,0.0,3.0,16.0,28.0,15.0,8.0,3.0,6.0,8.0,6.0,5.0,9.0,5.0,11.0,22.0,18.0,44.0,38.0,51.0,35.0,70.0,71.0,75.0,89.0
PLW,0.0,0.0,0.0,0.0,0.0,0.0,0.0,0.0,0.0,0.0,0.0,0.0,0.0,0.0,0.0,0.0,0.0,0.0,0.0,0.0,0.0,0.0,0.0,0.0,2.0,0.0,0.0,0.0,0.0,0.0,0.0,0.0,0.0,0.0,0.0,0.0,0.0,0.0
PNG,1.0,2.0,0.0,2.0,0.0,0.0,3.0,0.0,2.0,0.0,0.0,1.0,0.0,0.0,0.0,0.0,0.0,0.0,0.0,0.0,0.0,0.0,3.0,1.0,0.0,2.0,0.0,0.0,0.0,0.0,0.0,0.0,0.0,0.0,0.0,0.0,0.0,0.0
POL,5722.0,4545.0,4051.0,3427.0,3046.0,3845.0,3069.0,3377.0,2761.0,2715.0,3225.0,3045.0,3649.0,2678.0,2080.0,1754.0,1423.0,1273.0,1283.0,1138.0,1007.0,988.0,948.0,664.0,800.0,1161.0,1136.0,1683.0,1832.0,1587.0,1612.0,1883.0,2361.0,2503.0,3173.0,2712.0,4430.0,3849.0
PRT,39.0,39.0,39.0,46.0,73.0,55.0,206.0,54.0,27.0,29.0,26.0,23.0,51.0,28.0,39.0,70.0,50.0,59.0,98.0,160.0,114.0,96.0,113.0,185.0,182.0,178.0,181.0,292.0,269.0,293.0,308.0,265.0,279.0,352.0,279.0,327.0,313.0,440.0
PRY,0.0,0.0,1.0,2.0,0.0,0.0,1.0,0.0,0.0,0.0,1.0,0.0,0.0,1.0,0.0,0.0,0.0,0.0,0.0,1.0,0.0,0.0,0.0,0.0,0.0,0.0,3.0,0.0,0.0,0.0,2.0,0.0,2.0,0.0,0.0,0.0,2.0,0.0
QAT,0.0,0.0,0.0,0.0,0.0,0.0,0.0,0.0,0.0,0.0,0.0,0.0,0.0,0.0,0.0,0.0,1.0,0.0,1.0,1.0,2.0,0.0,1.0,0.0,1.0,0.0,1.0,0.0,0.0,5.0,0.0,3.0,4.0,10.0,14.0,13.0,30.0,42.0
ROU,1475.0,3257.0,2076.0,1747.0,2048.0,1846.0,1906.0,2337.0,1614.0,712.0,174.0,1449.0,1673.0,2822.0,2089.0,999.0,945.0,609.0,720.0,595.0,346.0,245.0,618.0,163.0,462.0,593.0,550.0,394.0,442.0,614.0,460.0,457.0,433.0,475.0,378.0,390.0,446.0,516.0
RUS,0.0,0.0,0.0,0.0,0.0,0.0,0.0,0.0,0.0,0.0,0.0,0.0,69125.0,43222.0,19885.0,24645.0,19552.0,24125.0,19398.0,19157.0,17542.0,13794.0,15947.0,21415.0,21289.0,23419.0,22623.0,20835.0,24384.0,28178.0,23746.0,22329.0,24664.0,23420.0,25884.0,24961.0,23028.0,23657.0
RWA,0.0,0.0,0.0,0.0,0.0,0.0,0.0,0.0,0.0,0.0,0.0,0.0,0.0,0.0,0.0,0.0,0.0,0.0,0.0,1.0,0.0,0.0,1.0,0.0,0.0,0.0,0.0,0.0,0.0,0.0,0.0,0.0,0.0,0.0,0.0,0.0,0.0,0.0
SAU,1.0,0.0,1.0,10.0,9.0,9.0,12.0,8.0,4.0,8.0,8.0,3.0,10.0,5.0,16.0,9.0,27.0,39.0,18.0,24.0,40.0,27.0,26.0,46.0,61.0,54.0,165.0,117.0,86.0,145.0,211.0,192.0,317.0,465.0,441.0,539.0,883.0,972.0
SDN,0.0,0.0,0.0,0.0,0.0,0.0,0.0,0.0,0.0,0.0,0.0,0.0,0.0,0.0,0.0,0.0,0.0,0.0,0.0,3.0,1.0,0.0,0.0,0.0,0.0,0.0,0.0,0.0,0.0,0.0,0.0,0.0,0.0,0.0,0.0,0.0,0.0,0.0
SEN,3.0,2.0,1.0,3.0,4.0,0.0,1.0,24.0,1.0,14.0,0.0,15.0,14.0,29.0,14.0,1.0,0.0,14.0,0.0,0.0,0.0,2.0,225.0,160.0,16.0,96.0,256.0,34.0,1.0,2.0,0.0,0.0,2.0,0.0,2.0,0.0,0.0,0.0
SGP,4.0,15.0,30.0,35.0,37.0,56.0,28.0,28.0,25.0,31.0,19.0,36.0,49.0,57.0,66.0,89.0,126.0,114.0,151.0,173.0,237.0,315.0,308.0,463.0,478.0,443.0,786.0,1122.0,1079.0,1211.0,1369.0,1422.0,1833.0,1895.0,2219.0,2564.0,3314.0,3226.0
SLB,0.0,0.0,0.0,0.0,0.0,0.0,0.0,0.0,0.0,0.0,0.0,0.0,0.0,0.0,0.0,0.0,0.0,0.0,0.0,0.0,0.0,0.0,0.0,0.0,2.0,0.0,0.0,0.0,0.0,0.0,0.0,0.0,0.0,0.0,0.0,0.0,0.0,0.0
SLE,0.0,0.0,0.0,0.0,0.0,0.0,0.0,0.0,0.0,0.0,2.0,0.0,3.0,2.0,5.0,9.0,1.0,0.0,0.0,2.0,0.0,4.0,2.0,1.0,1.0,0.0,0.0,1.0,1.0,0.0,3.0,1.0,0.0,0.0,0.0,1.0,3.0,0.0
SLV,0.0,5.0,3.0,3.0,1.0,0.0,2.0,0.0,2.0,0.0,2.0,0.0,0.0,0.0,0.0,0.0,0.0,0.0,1.0,0.0,0.0,5.0,0.0,3.0,1.0,2.0,1.0,2.0,2.0,0.0,1.0,0.0,0.0,1.0,1.0,2.0,2.0,1.0
SMR,0.0,0.0,0.0,2.0,0.0,1.0,4.0,6.0,3.0,5.0,0.0,2.0,5.0,4.0,6.0,4.0,11.0,5.0,21.0,20.0,15.0,18.0,18.0,19.0,18.0,16.0,11.0,11.0,4.0,20.0,16.0,16.0,29.0,49.0,15.0,17.0,15.0,22.0
SOM,0.0,2.0,0.0,0.0,1.0,2.0,0.0,0.0,0.0,0.0,0.0,0.0,0.0,0.0,0.0,0.0,0.0,0.0,0.0,0.0,0.0,0.0,0.0,0.0,0.0,0.0,0.0,0.0,1.0,0.0,0.0,0.0,0.0,0.0,0.0,0.0,0.0,0.0
SRB,0.0,0.0,0.0,0.0,0.0,0.0,0.0,0.0,0.0,0.0,2.0,0.0,0.0,0.0,4.0,2.0,0.0,18.0,1.0,0.0,0.0,0.0,0.0,0.0,0.0,3.0,3.0,30.0,59.0,57.0,122.0,106.0,96.0,121.0,105.0,83.0,91.0,51.0
SUR,0.0,0.0,0.0,0.0,0.0,0.0,0.0,0.0,0.0,0.0,0.0,0.0,0.0,1.0,0.0,0.0,0.0,0.0,0.0,1.0,0.0,1.0,0.0,1.0,0.0,0.0,0.0,0.0,0.0,0.0,0.0,0.0,0.0,2.0,1.0,0.0,1.0,0.0
SVN,24.0,13.0,16.0,10.0,4.0,4.0,1.0,2.0,5.0,9.0,2.0,3.0,10.0,103.0,258.0,243.0,343.0,282.0,276.0,241.0,235.0,266.0,352.0,312.0,402.0,375.0,375.0,381.0,423.0,492.0,576.0,621.0,615.0,605.0,572.0,633.0,664.0,560.0
SWE,4523.0,4267.0,4827.0,4492.0,4637.0,5447.0,4983.0,4902.0,4324.0,4358.0,4080.0,3968.0,3878.0,3972.0,4763.0,5080.0,5075.0,5895.0,6679.0,7330.0,6940.0,7805.0,9139.0,10546.0,10258.0,8621.0,8739.0,8475.0,9198.0,8772.0,9792.0,10041.0,11160.0,11535.0,11444.0,12135.0,14257.0,14786.0
SWZ,1.0,0.0,0.0,0.0,0.0,0.0,0.0,0.0,0.0,0.0,0.0,1.0,0.0,0.0,3.0,2.0,3.0,0.0,1.0,0.0,0.0,0.0,0.0,0.0,0.0,3.0,0.0,0.0,0.0,1.0,0.0,0.0,1.0,2.0,0.0,3.0,2.0,2.0
SYC,3.0,0.0,0.0,1.0,1.0,0.0,0.0,0.0,0.0,0.0,0.0,4.0,0.0,2.0,30.0,1.0,0.0,1.0,0.0,2.0,2.0,5.0,1.0,5.0,2.0,8.0,21.0,14.0,36.0,52.0,30.0,27.0,23.0,36.0,53.0,51.0,85.0,70.0
SYR,1.0,0.0,0.0,1.0,0.0,0.0,2.0,0.0,0.0,2.0,2.0,0.0,3.0,0.0,0.0,1.0,0.0,4.0,0.0,0.0,2.0,3.0,5.0,4.0,0.0,1.0,2.0,2.0,0.0,0.0,3.0,2.0,1.0,5.0,1.0,4.0,1.0,3.0
TCD,0.0,0.0,0.0,0.0,0.0,0.0,0.0,0.0,0.0,0.0,0.0,0.0,0.0,0.0,0.0,0.0,0.0,0.0,0.0,0.0,0.0,0.0,16.0,16.0,0.0,0.0,48.0,0.0,0.0,0.0,0.0,1.0,2.0,0.0,4.0,0.0,0.0,0.0
TGO,0.0,0.0,0.0,0.0,0.0,0.0,1.0,0.0,26.0,0.0,0.0,0.0,14.0,28.0,16.0,14.0,0.0,0.0,1.0,0.0,0.0,0.0,32.0,0.0,48.0,16.0,0.0,0.0,0.0,0.0,0.0,0.0,0.0,0.0,0.0,0.0,0.0,0.0
THA,0.0,4.0,1.0,1.0,0.0,5.0,3.0,3.0,3.0,4.0,8.0,2.0,4.0,8.0,5.0,24.0,25.0,14.0,20.0,26.0,13.0,25.0,26.0,45.0,34.0,33.0,46.0,29.0,41.0,42.0,91.0,106.0,91.0,130.0,124.0,123.0,108.0,127.0
TJK,0.0,1.0,0.0,0.0,0.0,1.0,0.0,0.0,0.0,0.0,0.0,0.0,0.0,2.0,14.0,271.0,230.0,305.0,48.0,41.0,35.0,31.0,28.0,84.0,58.0,45.0,38.0,40.0,18.0,9.0,9.0,18.0,27.0,8.0,0.0,0.0,32.0,32.0
TKM,0.0,0.0,0.0,0.0,0.0,0.0,0.0,0.0,0.0,0.0,0.0,0.0,0.0,6.0,31.0,469.0,414.0,724.0,77.0,40.0,39.0,25.0,20.0,33.0,1.0,0.0,0.0,9.0,0.0,9.0,1.0,9.0,0.0,0.0,0.0,3.0,0.0,24.0
TON,0.0,0.0,0.0,0.0,0.0,0.0,0.0,0.0,0.0,0.0,0.0,0.0,0.0,0.0,0.0,0.0,2.0,0.0,1.0,4.0,6.0,6.0,1.0,0.0,0.0,0.0,0.0,0.0,0.0,0.0,0.0,0.0,0.0,1.0,0.0,0.0,0.0,0.0
TTO,0.0,1.0,0.0,0.0,0.0,0.0,0.0,2.0,3.0,1.0,3.0,3.0,4.0,0.0,5.0,0.0,0.0,1.0,3.0,2.0,2.0,7.0,0.0,4.0,1.0,0.0,1.0,1.0,3.0,2.0,6.0,6.0,10.0,10.0,10.0,8.0,0.0,4.0
TUN,6.0,6.0,6.0,12.0,16.0,2.0,3.0,1.0,1.0,0.0,0.0,0.0,2.0,1.0,2.0,3.0,15.0,0.0,4.0,6.0,4.0,6.0,5.0,20.0,14.0,4.0,7.0,7.0,2.0,5.0,3.0,6.0,10.0,17.0,14.0,12.0,8.0,15.0
TUR,40.0,30.0,46.0,60.0,76.0,66.0,65.0,66.0,61.0,35.0,58.0,57.0,72.0,61.0,36.0,102.0,60.0,9.0,7.0,11.0,52.0,41.0,68.0,79.0,126.0,117.0,158.0,180.0,215.0,257.0,379.0,446.0,446.0,536.0,566.0,841.0,1068.0,1056.0
TUV,0.0,0.0,0.0,0.0,0.0,0.0,0.0,0.0,0.0,0.0,0.0,0.0,0.0,0.0,0.0,0.0,0.0,0.0,0.0,0.0,0.0,0.0,0.0,0.0,0.0,0.0,2.0,1.0,0.0,0.0,0.0,0.0,0.0,0.0,0.0,0.0,0.0,0.0
TZA,0.0,0.0,0.0,2.0,2.0,0.0,0.0,0.0,0.0,0.0,0.0,0.0,0.0,0.0,0.0,0.0,0.0,0.0,4.0,0.0,0.0,0.0,0.0,0.0,0.0,0.0,0.0,0.0,0.0,0.0,0.0,0.0,0.0,0.0,0.0,2.0,0.0,0.0
UGA,0.0,0.0,0.0,0.0,0.0,0.0,0.0,0.0,0.0,0.0,0.0,0.0,0.0,0.0,0.0,0.0,0.0,1.0,0.0,0.0,2.0,1.0,1.0,0.0,1.0,0.0,2.0,0.0,0.0,0.0,2.0,0.0,1.0,0.0,0.0,0.0,0.0,0.0
UKR,1.0,2.0,4.0,11.0,5.0,1.0,2.0,5.0,6.0,6.0,9.0,15.0,4.0,516.0,2051.0,1656.0,968.0,909.0,635.0,528.0,506.0,702.0,1153.0,2917.0,8136.0,2156.0,1478.0,2626.0,2655.0,2802.0,2372.0,2151.0,1769.0,2002.0,2197.0,1935.0,1605.0,1372.0
URY,12.0,10.0,10.0,6.0,5.0,2.0,2.0,7.0,0.0,3.0,4.0,1.0,3.0,9.0,10.0,8.0,7.0,9.0,4.0,3.0,2.0,22.0,9.0,11.0,6.0,8.0,8.0,10.0,12.0,7.0,10.0,8.0,21.0,16.0,19.0,16.0,13.0,25.0
USA,88698.0,88740.0,87908.0,84564.0,89118.0,96847.0,91262.0,89825.0,82865.0,91944.0,86998.0,91617.0,97558.0,101733.0,102028.0,101660.0,103034.0,103999.0,126231.0,135282.0,130004.0,135804.0,139598.0,149649.0,144618.0,130274.0,154998.0,140903.0,142850.0,150969.0,181633.0,191362.0,216900.0,235237.0,250282.0,250955.0,280857.0,287244.0
UZB,0.0,0.0,0.0,0.0,0.0,0.0,0.0,0.0,0.0,0.0,0.0,0.0,0.0,33.0,151.0,233.0,146.0,196.0,22.0,21.0,22.0,46.0,26.0,29.0,27.0,13.0,11.0,3.0,2.0,20.0,3.0,0.0,3.0,0.0,26.0,33.0,6.0,13.0
VEN,23.0,17.0,28.0,16.0,16.0,62.0,46.0,55.0,55.0,62.0,67.0,79.0,70.0,102.0,91.0,111.0,60.0,73.0,60.0,89.0,56.0,43.0,42.0,40.0,39.0,43.0,28.0,17.0,26.0,15.0,24.0,32.0,36.0,31.0,33.0,45.0,15.0,8.0
VUT,0.0,0.0,0.0,0.0,1.0,0.0,0.0,0.0,0.0,0.0,0.0,0.0,0.0,3.0,0.0,3.0,1.0,1.0,1.0,5.0,6.0,3.0,2.0,1.0,3.0,3.0,4.0,2.0,5.0,0.0,6.0,1.0,0.0,0.0,0.0,0.0,1.0,2.0
WSM,0.0,0.0,0.0,0.0,0.0,0.0,0.0,0.0,0.0,0.0,0.0,0.0,0.0,0.0,0.0,0.0,0.0,0.0,0.0,0.0,1.0,1.0,0.0,0.0,1.0,0.0,3.0,4.0,2.0,3.0,12.0,19.0,17.0,22.0,15.0,33.0,39.0,45.0
ZAF,909.0,1065.0,1471.0,1381.0,1508.0,1431.0,1436.0,1440.0,1699.0,1517.0,1451.0,1614.0,1600.0,1463.0,1301.0,1297.0,1613.0,1353.0,1202.0,1306.0,986.0,1321.0,1102.0,1322.0,1278.0,1380.0,1275.0,1026.0,1434.0,1240.0,1381.0,1122.0,1288.0,1095.0,1011.0,926.0,934.0,959.0
ZMB,0.0,4.0,4.0,0.0,4.0,6.0,0.0,1.0,3.0,5.0,3.0,9.0,3.0,28.0,1.0,0.0,0.0,0.0,0.0,0.0,0.0,0.0,0.0,0.0,1.0,0.0,18.0,0.0,4.0,2.0,1.0,0.0,1.0,0.0,0.0,0.0,0.0,0.0
ZWE,8.0,17.0,17.0,25.0,21.0,42.0,26.0,49.0,25.0,32.0,37.0,23.0,27.0,28.0,33.0,6.0,23.0,1.0,3.0,9.0,3.0,2.0,1.0,3.0,4.0,5.0,2.0,3.0,4.0,5.0,3.0,3.0,1.0,2.0,1.0,0.0,1.0,0.0
